id,name,description,quantity
1,The third name,The third description,One
2,The third name,The sixth description,Seven
3,The second name,The fifth description,Five
4,The third name,The second description,Five
5,The second name,The third description,Ten
6,The first name,The fourth description,Four
7,The second name,The third description,Nine
8,The second name,The eighth description,Four
9,The second name,The ninth description,Four
10,The third name,The second description,Three
11,The second name,The third description,Eight
12,The second name,The third description,Ten
13,The first name,The fourth description,Ten
14,The third name,The fourth description,Six
15,The second name,The tenth description,One
16,The second name,The eighth description,One
17,The first name,The ninth description,Nine
18,The first name,The fourth description,Seven
19,The second name,The second description,Six
20,The third name,The sixth description,One
21,The second name,The ninth description,Five
22,The third name,The third description,Ten
23,The first name,The second description,Seven
24,The second name,The seventh description,Six
25,The second name,The sixth description,Eight
26,The second name,The sixth description,One
27,The second name,The third description,Seven
28,The third name,The fourth description,Three
29,The first name,The fifth description,Two
30,The third name,The ninth description,Four
31,The third name,The first description,Ten
32,The first name,The fourth description,Seven
33,The first name,The ninth description,Five
34,The second name,The tenth description,Three
35,The third name,The tenth description,Eight
36,The first name,The third description,Six
37,The second name,The third description,Five
38,The first name,The fifth description,Ten
39,The second name,The seventh description,Seven
40,The second name,The first description,Nine
41,The first name,The second description,One
42,The first name,The third description,Six
43,The third name,The second description,Ten
44,The second name,The third description,Eight
45,The second name,The ninth description,Ten
46,The third name,The sixth description,Four
47,The third name,The tenth description,Three
48,The third name,The seventh description,Four
49,The first name,The first description,One
50,The second name,The second description,Two
51,The second name,The second description,Two
52,The second name,The fifth description,Two
53,The second name,The first description,One
54,The first name,The first description,Three
55,The first name,The sixth description,Five
56,The second name,The eighth description,Ten
57,The first name,The third description,One
58,The first name,The first description,Five
59,The first name,The eighth description,Four
60,The first name,The tenth description,Seven
61,The second name,The third description,Ten
62,The first name,The fourth description,Eight
63,The third name,The sixth description,Ten
64,The second name,The ninth description,Six
65,The second name,The eighth description,Six
66,The third name,The eighth description,Three
67,The first name,The seventh description,Eight
68,The third name,The sixth description,Eight
69,The third name,The seventh description,Eight
70,The third name,The sixth description,Two
71,The third name,The sixth description,Nine
72,The third name,The sixth description,Three
73,The third name,The second description,Seven
74,The third name,The fifth description,Five
75,The third name,The fourth description,Six
76,The second name,The fourth description,Seven
77,The third name,The eighth description,Eight
78,The first name,The fifth description,Eight
79,The third name,The tenth description,Eight
80,The third name,The fifth description,Four
81,The second name,The eighth description,Nine
82,The third name,The third description,Six
83,The third name,The ninth description,Six
84,The first name,The seventh description,Five
85,The first name,The first description,Nine
86,The third name,The second description,Ten
87,The third name,The fourth description,One
88,The first name,The second description,Two
89,The first name,The ninth description,Six
90,The second name,The fifth description,Nine
91,The first name,The fifth description,Ten
92,The second name,The seventh description,Five
93,The second name,The seventh description,Three
94,The third name,The first description,One
95,The first name,The sixth description,Two
96,The second name,The first description,Five
97,The third name,The second description,Four
98,The second name,The eighth description,Five
99,The first name,The seventh description,Two
100,The first name,The seventh description,Four
101,The third name,The eighth description,Four
102,The first name,The third description,Nine
103,The second name,The first description,Ten
104,The third name,The fifth description,Two
105,The first name,The ninth description,Two
106,The first name,The ninth description,Four
107,The second name,The fourth description,One
108,The third name,The fourth description,Two
109,The first name,The eighth description,Four
110,The first name,The tenth description,One
111,The first name,The fifth description,Four
112,The third name,The third description,One
113,The first name,The fifth description,Seven
114,The second name,The first description,Nine
115,The third name,The third description,Four
116,The third name,The fifth description,One
117,The first name,The seventh description,Eight
118,The first name,The seventh description,Two
119,The first name,The tenth description,Ten
120,The third name,The fifth description,One
121,The second name,The eighth description,Two
122,The third name,The second description,Four
123,The second name,The fourth description,One
124,The third name,The fourth description,Seven
125,The first name,The second description,Seven
126,The first name,The third description,Four
127,The second name,The ninth description,Seven
128,The third name,The tenth description,Ten
129,The first name,The second description,Three
130,The first name,The third description,Five
131,The second name,The sixth description,Eight
132,The third name,The first description,Three
133,The third name,The first description,Two
134,The second name,The fifth description,Nine
135,The second name,The first description,Seven
136,The third name,The fourth description,Two
137,The first name,The second description,Four
138,The third name,The tenth description,Two
139,The third name,The tenth description,Seven
140,The first name,The fifth description,Five
141,The third name,The seventh description,Ten
142,The third name,The eighth description,Two
143,The first name,The third description,Ten
144,The second name,The fifth description,Four
145,The second name,The first description,Eight
146,The second name,The fifth description,Five
147,The second name,The tenth description,Two
148,The second name,The third description,Three
149,The second name,The sixth description,Two
150,The first name,The tenth description,Two
151,The first name,The second description,Six
152,The second name,The fourth description,Eight
153,The third name,The seventh description,Six
154,The second name,The fourth description,Nine
155,The first name,The seventh description,Five
156,The second name,The sixth description,Three
157,The third name,The tenth description,Two
158,The third name,The seventh description,Nine
159,The second name,The first description,Eight
160,The second name,The fifth description,Five
161,The third name,The ninth description,Six
162,The second name,The fourth description,Seven
163,The second name,The sixth description,Ten
164,The third name,The fifth description,Three
165,The second name,The fourth description,Four
166,The first name,The fifth description,Six
167,The second name,The sixth description,Six
168,The third name,The second description,Ten
169,The third name,The third description,Three
170,The first name,The fifth description,Nine
171,The second name,The fourth description,Three
172,The first name,The first description,Ten
173,The second name,The fifth description,One
174,The second name,The seventh description,Five
175,The third name,The third description,Two
176,The third name,The ninth description,Eight
177,The first name,The sixth description,Six
178,The second name,The sixth description,Eight
179,The second name,The third description,One
180,The first name,The tenth description,Eight
181,The second name,The first description,Six
182,The third name,The eighth description,Four
183,The third name,The first description,Eight
184,The second name,The sixth description,Five
185,The second name,The sixth description,Ten
186,The first name,The fifth description,One
187,The first name,The second description,One
188,The second name,The first description,Six
189,The third name,The third description,Ten
190,The third name,The second description,Three
191,The second name,The fourth description,Two
192,The third name,The first description,Nine
193,The second name,The third description,Seven
194,The third name,The seventh description,Five
195,The second name,The fourth description,Two
196,The third name,The tenth description,One
197,The third name,The second description,One
198,The second name,The fifth description,Two
199,The third name,The seventh description,Three
200,The first name,The first description,Six
201,The third name,The fifth description,Ten
202,The second name,The fourth description,Five
203,The third name,The third description,Ten
204,The third name,The second description,Two
205,The first name,The ninth description,Ten
206,The first name,The first description,Nine
207,The second name,The ninth description,Seven
208,The third name,The seventh description,Eight
209,The first name,The tenth description,Three
210,The second name,The second description,Eight
211,The second name,The seventh description,Three
212,The second name,The second description,Four
213,The first name,The third description,Nine
214,The second name,The sixth description,Ten
215,The third name,The fifth description,Two
216,The third name,The fifth description,Eight
217,The second name,The ninth description,Two
218,The second name,The third description,Five
219,The first name,The ninth description,Seven
220,The first name,The second description,Eight
221,The second name,The eighth description,Four
222,The third name,The tenth description,Three
223,The first name,The seventh description,Four
224,The third name,The tenth description,Six
225,The first name,The seventh description,Five
226,The third name,The second description,Six
227,The third name,The fifth description,Four
228,The first name,The fifth description,Nine
229,The second name,The seventh description,Seven
230,The third name,The tenth description,Four
231,The first name,The seventh description,Three
232,The second name,The sixth description,Eight
233,The second name,The fourth description,Five
234,The second name,The seventh description,Six
235,The third name,The tenth description,Two
236,The third name,The ninth description,Four
237,The first name,The fifth description,Nine
238,The third name,The fourth description,One
239,The first name,The seventh description,Seven
240,The third name,The fifth description,Four
241,The second name,The tenth description,Six
242,The first name,The third description,Three
243,The second name,The eighth description,Eight
244,The third name,The first description,Ten
245,The third name,The sixth description,Two
246,The third name,The fifth description,Seven
247,The first name,The first description,Three
248,The first name,The second description,Six
249,The first name,The seventh description,Ten
250,The second name,The eighth description,Eight
251,The first name,The eighth description,Five
252,The second name,The eighth description,Seven
253,The third name,The sixth description,Six
254,The first name,The ninth description,Two
255,The third name,The tenth description,Ten
256,The third name,The ninth description,Two
257,The second name,The eighth description,Eight
258,The second name,The second description,Ten
259,The third name,The ninth description,Two
260,The first name,The first description,Eight
261,The first name,The fifth description,Four
262,The second name,The fourth description,Three
263,The first name,The fourth description,Three
264,The third name,The sixth description,Nine
265,The second name,The first description,Six
266,The second name,The second description,Five
267,The second name,The fourth description,One
268,The second name,The fourth description,One
269,The second name,The fifth description,Two
270,The first name,The seventh description,Seven
271,The first name,The seventh description,Nine
272,The third name,The eighth description,Four
273,The third name,The fifth description,One
274,The second name,The third description,Three
275,The third name,The sixth description,Eight
276,The third name,The tenth description,Four
277,The second name,The seventh description,Nine
278,The second name,The third description,Nine
279,The second name,The tenth description,Nine
280,The first name,The ninth description,Four
281,The third name,The third description,Ten
282,The first name,The second description,Six
283,The second name,The tenth description,Nine
284,The first name,The eighth description,Ten
285,The second name,The first description,Five
286,The first name,The first description,Three
287,The first name,The sixth description,Five
288,The second name,The fourth description,Eight
289,The third name,The first description,Six
290,The second name,The third description,Four
291,The third name,The sixth description,Ten
292,The third name,The fourth description,Seven
293,The first name,The eighth description,Ten
294,The first name,The ninth description,Three
295,The first name,The sixth description,Eight
296,The second name,The fourth description,Six
297,The second name,The fifth description,Nine
298,The first name,The third description,Nine
299,The third name,The first description,Nine
300,The first name,The sixth description,Nine
301,The third name,The first description,Nine
302,The first name,The ninth description,Nine
303,The first name,The first description,Two
304,The third name,The ninth description,Nine
305,The third name,The tenth description,Five
306,The third name,The third description,Five
307,The third name,The fourth description,Four
308,The second name,The third description,Three
309,The first name,The seventh description,Six
310,The second name,The fourth description,One
311,The third name,The second description,Eight
312,The third name,The eighth description,Six
313,The first name,The ninth description,One
314,The third name,The fourth description,Two
315,The third name,The tenth description,Four
316,The second name,The ninth description,Eight
317,The second name,The tenth description,Four
318,The first name,The tenth description,Nine
319,The first name,The fifth description,Two
320,The first name,The third description,Ten
321,The first name,The ninth description,Five
322,The second name,The sixth description,Three
323,The second name,The sixth description,Five
324,The third name,The fifth description,One
325,The third name,The eighth description,Nine
326,The second name,The tenth description,Three
327,The second name,The third description,One
328,The second name,The eighth description,Ten
329,The second name,The seventh description,Four
330,The second name,The first description,Eight
331,The third name,The seventh description,Five
332,The first name,The first description,Six
333,The third name,The ninth description,Seven
334,The second name,The second description,Six
335,The first name,The ninth description,Six
336,The first name,The seventh description,Eight
337,The second name,The fifth description,Nine
338,The first name,The tenth description,Six
339,The third name,The sixth description,Three
340,The third name,The second description,Ten
341,The second name,The ninth description,Four
342,The second name,The first description,Four
343,The third name,The eighth description,Nine
344,The second name,The tenth description,Five
345,The second name,The sixth description,Three
346,The second name,The seventh description,Three
347,The first name,The sixth description,Four
348,The third name,The fifth description,Five
349,The first name,The fourth description,Five
350,The second name,The second description,Eight
351,The first name,The ninth description,Four
352,The third name,The eighth description,Nine
353,The first name,The second description,Two
354,The second name,The tenth description,Seven
355,The first name,The tenth description,One
356,The third name,The second description,Two
357,The second name,The fifth description,One
358,The third name,The ninth description,Nine
359,The first name,The ninth description,Two
360,The second name,The fifth description,Four
361,The first name,The first description,Nine
362,The third name,The tenth description,One
363,The second name,The seventh description,Two
364,The first name,The sixth description,Three
365,The second name,The fifth description,Eight
366,The second name,The third description,Nine
367,The third name,The second description,Five
368,The second name,The eighth description,Two
369,The third name,The ninth description,Four
370,The second name,The seventh description,Nine
371,The third name,The fourth description,Three
372,The third name,The fifth description,Six
373,The third name,The tenth description,One
374,The second name,The second description,Six
375,The first name,The fifth description,Eight
376,The third name,The eighth description,Seven
377,The third name,The sixth description,Seven
378,The first name,The ninth description,Seven
379,The third name,The first description,Two
380,The first name,The seventh description,Four
381,The third name,The sixth description,Six
382,The third name,The sixth description,Six
383,The third name,The fourth description,One
384,The third name,The tenth description,Seven
385,The first name,The fourth description,Five
386,The second name,The second description,Five
387,The third name,The first description,One
388,The second name,The sixth description,Ten
389,The first name,The first description,One
390,The first name,The eighth description,Six
391,The first name,The sixth description,Nine
392,The third name,The tenth description,Nine
393,The third name,The ninth description,Ten
394,The third name,The eighth description,Three
395,The second name,The third description,Nine
396,The second name,The seventh description,Six
397,The first name,The fourth description,Six
398,The first name,The eighth description,Six
399,The first name,The eighth description,Seven
400,The first name,The first description,Nine
401,The third name,The first description,Eight
402,The second name,The fifth description,Ten
403,The second name,The first description,Two
404,The third name,The eighth description,Ten
405,The first name,The eighth description,Eight
406,The first name,The first description,Five
407,The second name,The sixth description,Two
408,The third name,The tenth description,Five
409,The first name,The third description,One
410,The third name,The second description,Two
411,The first name,The third description,Four
412,The first name,The sixth description,Eight
413,The first name,The eighth description,Eight
414,The second name,The fourth description,Four
415,The second name,The seventh description,Five
416,The second name,The eighth description,Nine
417,The second name,The second description,Nine
418,The third name,The fifth description,Eight
419,The third name,The tenth description,Six
420,The first name,The second description,Five
421,The first name,The seventh description,Three
422,The third name,The seventh description,One
423,The third name,The seventh description,Nine
424,The first name,The first description,Seven
425,The third name,The fourth description,Eight
426,The third name,The eighth description,Nine
427,The first name,The fourth description,One
428,The second name,The tenth description,Eight
429,The second name,The eighth description,Eight
430,The first name,The fifth description,Ten
431,The second name,The first description,Two
432,The first name,The third description,Two
433,The second name,The third description,Five
434,The first name,The ninth description,Four
435,The second name,The first description,One
436,The second name,The fifth description,Eight
437,The second name,The tenth description,Ten
438,The second name,The fourth description,Five
439,The first name,The fourth description,Ten
440,The third name,The tenth description,Four
441,The first name,The fifth description,Ten
442,The second name,The second description,Ten
443,The third name,The sixth description,Ten
444,The first name,The second description,Five
445,The first name,The first description,Four
446,The first name,The eighth description,Four
447,The third name,The fifth description,Two
448,The first name,The eighth description,Seven
449,The third name,The fourth description,Eight
450,The second name,The sixth description,Three
451,The first name,The tenth description,Eight
452,The second name,The sixth description,Seven
453,The third name,The eighth description,Three
454,The first name,The fourth description,One
455,The second name,The fourth description,Six
456,The third name,The seventh description,Nine
457,The second name,The seventh description,Three
458,The first name,The tenth description,Eight
459,The third name,The sixth description,Nine
460,The second name,The third description,Seven
461,The second name,The third description,Seven
462,The second name,The fifth description,Nine
463,The second name,The tenth description,Six
464,The second name,The tenth description,Ten
465,The first name,The fifth description,Four
466,The second name,The fourth description,Ten
467,The first name,The first description,Three
468,The second name,The seventh description,Five
469,The first name,The eighth description,Two
470,The third name,The ninth description,Two
471,The first name,The seventh description,Two
472,The third name,The fifth description,Six
473,The first name,The seventh description,Three
474,The second name,The third description,Eight
475,The first name,The fifth description,Eight
476,The second name,The tenth description,Three
477,The third name,The third description,Three
478,The second name,The seventh description,Two
479,The first name,The third description,Seven
480,The third name,The second description,Eight
481,The first name,The ninth description,Five
482,The first name,The first description,Two
483,The third name,The first description,Five
484,The second name,The tenth description,Five
485,The third name,The third description,Five
486,The third name,The first description,Five
487,The second name,The sixth description,Eight
488,The first name,The second description,Ten
489,The third name,The fourth description,Ten
490,The second name,The fourth description,Nine
491,The first name,The seventh description,Four
492,The first name,The second description,Five
493,The first name,The ninth description,Six
494,The first name,The fourth description,Four
495,The first name,The tenth description,Three
496,The first name,The second description,Six
497,The first name,The third description,Three
498,The second name,The second description,Eight
499,The second name,The second description,One
500,The second name,The third description,Two
501,The first name,The fifth description,Three
502,The third name,The ninth description,Eight
503,The third name,The fifth description,Seven
504,The first name,The eighth description,Six
505,The second name,The third description,Three
506,The first name,The ninth description,One
507,The second name,The sixth description,Two
508,The first name,The ninth description,Three
509,The first name,The sixth description,Nine
510,The second name,The seventh description,Two
511,The second name,The second description,Ten
512,The third name,The tenth description,Six
513,The third name,The second description,One
514,The first name,The sixth description,Four
515,The second name,The sixth description,Ten
516,The third name,The fifth description,Eight
517,The second name,The second description,Five
518,The second name,The first description,Eight
519,The second name,The seventh description,Ten
520,The second name,The seventh description,Seven
521,The second name,The first description,Four
522,The second name,The fifth description,Eight
523,The second name,The eighth description,One
524,The second name,The fifth description,Eight
525,The first name,The ninth description,Nine
526,The first name,The fourth description,Eight
527,The second name,The third description,Six
528,The third name,The fifth description,Four
529,The third name,The eighth description,Ten
530,The third name,The ninth description,Nine
531,The second name,The ninth description,Two
532,The first name,The fifth description,Nine
533,The third name,The seventh description,Five
534,The second name,The third description,Six
535,The third name,The sixth description,Seven
536,The second name,The seventh description,Two
537,The first name,The ninth description,Four
538,The third name,The sixth description,Nine
539,The third name,The third description,One
540,The third name,The third description,Five
541,The third name,The eighth description,Six
542,The third name,The fifth description,Seven
543,The first name,The second description,One
544,The first name,The third description,One
545,The first name,The seventh description,Two
546,The third name,The first description,Ten
547,The second name,The tenth description,Ten
548,The second name,The sixth description,Eight
549,The third name,The fourth description,Three
550,The first name,The first description,Ten
551,The first name,The ninth description,Six
552,The third name,The sixth description,Eight
553,The third name,The sixth description,One
554,The first name,The fifth description,Ten
555,The second name,The second description,Five
556,The third name,The ninth description,Ten
557,The first name,The first description,Three
558,The third name,The third description,Ten
559,The second name,The eighth description,Six
560,The first name,The first description,Nine
561,The third name,The sixth description,Five
562,The first name,The third description,Three
563,The third name,The ninth description,Ten
564,The third name,The second description,Four
565,The first name,The first description,Four
566,The third name,The sixth description,One
567,The first name,The ninth description,Eight
568,The second name,The fourth description,Seven
569,The third name,The first description,Two
570,The second name,The ninth description,Five
571,The second name,The second description,Six
572,The second name,The seventh description,Five
573,The first name,The ninth description,Four
574,The first name,The eighth description,Five
575,The first name,The eighth description,Four
576,The third name,The eighth description,Three
577,The first name,The fifth description,Ten
578,The second name,The third description,Two
579,The first name,The second description,One
580,The third name,The tenth description,Two
581,The first name,The eighth description,Seven
582,The first name,The third description,Eight
583,The third name,The eighth description,Three
584,The second name,The tenth description,Four
585,The second name,The fourth description,Nine
586,The third name,The eighth description,One
587,The first name,The fifth description,Three
588,The third name,The second description,Three
589,The third name,The fourth description,Eight
590,The first name,The tenth description,Five
591,The third name,The fifth description,Seven
592,The third name,The seventh description,One
593,The second name,The second description,Two
594,The second name,The tenth description,Two
595,The first name,The third description,Three
596,The third name,The fourth description,Four
597,The third name,The first description,Two
598,The third name,The third description,Six
599,The third name,The ninth description,Four
600,The second name,The third description,Three
601,The first name,The ninth description,Five
602,The third name,The fourth description,Five
603,The third name,The second description,Five
604,The second name,The eighth description,Three
605,The second name,The sixth description,Four
606,The second name,The eighth description,Six
607,The second name,The first description,Ten
608,The third name,The eighth description,Ten
609,The first name,The sixth description,Five
610,The third name,The second description,One
611,The first name,The tenth description,Six
612,The third name,The first description,Seven
613,The third name,The ninth description,Ten
614,The third name,The first description,Four
615,The first name,The seventh description,Eight
616,The first name,The eighth description,Four
617,The second name,The fifth description,Two
618,The third name,The fifth description,One
619,The first name,The fifth description,Five
620,The second name,The seventh description,Seven
621,The third name,The third description,Four
622,The first name,The seventh description,Eight
623,The second name,The second description,Eight
624,The first name,The eighth description,Eight
625,The third name,The tenth description,Five
626,The second name,The second description,Five
627,The third name,The first description,Three
628,The third name,The third description,Four
629,The second name,The sixth description,Eight
630,The second name,The eighth description,Four
631,The first name,The third description,Nine
632,The second name,The first description,Seven
633,The second name,The eighth description,Nine
634,The second name,The seventh description,Nine
635,The first name,The seventh description,Eight
636,The second name,The third description,Ten
637,The first name,The third description,Three
638,The second name,The third description,One
639,The first name,The fifth description,Three
640,The third name,The second description,Two
641,The third name,The third description,Four
642,The third name,The seventh description,Four
643,The first name,The second description,Five
644,The first name,The second description,Four
645,The first name,The fourth description,Four
646,The third name,The first description,Eight
647,The third name,The eighth description,Two
648,The third name,The fifth description,Two
649,The third name,The fifth description,Eight
650,The first name,The seventh description,One
651,The second name,The seventh description,One
652,The first name,The ninth description,Seven
653,The second name,The second description,Nine
654,The second name,The seventh description,Five
655,The second name,The first description,One
656,The third name,The second description,Ten
657,The third name,The second description,Four
658,The third name,The second description,Four
659,The second name,The third description,Seven
660,The third name,The third description,One
661,The third name,The tenth description,Three
662,The second name,The ninth description,Five
663,The first name,The fourth description,Six
664,The second name,The first description,Nine
665,The first name,The seventh description,Six
666,The second name,The fourth description,Seven
667,The third name,The eighth description,One
668,The first name,The sixth description,Four
669,The first name,The eighth description,Six
670,The third name,The ninth description,Seven
671,The first name,The ninth description,Three
672,The first name,The sixth description,One
673,The first name,The tenth description,One
674,The first name,The fifth description,One
675,The second name,The sixth description,Three
676,The first name,The eighth description,Two
677,The second name,The fourth description,One
678,The third name,The sixth description,Six
679,The first name,The eighth description,Seven
680,The third name,The tenth description,Two
681,The third name,The fourth description,Six
682,The second name,The fifth description,Eight
683,The first name,The sixth description,Ten
684,The first name,The ninth description,Five
685,The second name,The eighth description,Five
686,The third name,The second description,Three
687,The first name,The seventh description,Four
688,The second name,The seventh description,Six
689,The second name,The sixth description,One
690,The third name,The third description,One
691,The third name,The first description,Seven
692,The third name,The fifth description,Five
693,The first name,The seventh description,Seven
694,The second name,The seventh description,Eight
695,The third name,The first description,Eight
696,The first name,The eighth description,Ten
697,The first name,The first description,Nine
698,The second name,The fourth description,Five
699,The first name,The fifth description,Five
700,The third name,The second description,Six
701,The second name,The tenth description,Four
702,The third name,The seventh description,Six
703,The third name,The second description,Three
704,The first name,The eighth description,Six
705,The first name,The eighth description,Three
706,The first name,The fourth description,Four
707,The third name,The fifth description,Five
708,The second name,The ninth description,Eight
709,The first name,The first description,Seven
710,The third name,The sixth description,Ten
711,The second name,The ninth description,One
712,The third name,The second description,Six
713,The third name,The seventh description,Two
714,The first name,The ninth description,One
715,The first name,The eighth description,One
716,The third name,The first description,Two
717,The third name,The second description,Five
718,The third name,The second description,Five
719,The third name,The first description,Eight
720,The second name,The seventh description,Ten
721,The third name,The fourth description,Three
722,The third name,The ninth description,Five
723,The first name,The fifth description,Ten
724,The second name,The fifth description,Four
725,The first name,The fifth description,Ten
726,The third name,The third description,Seven
727,The first name,The seventh description,Five
728,The second name,The tenth description,Six
729,The third name,The sixth description,Nine
730,The second name,The second description,Seven
731,The second name,The tenth description,Six
732,The first name,The fourth description,Four
733,The second name,The fourth description,Ten
734,The first name,The fifth description,Seven
735,The first name,The third description,Eight
736,The first name,The tenth description,Seven
737,The second name,The tenth description,Five
738,The first name,The sixth description,Three
739,The second name,The second description,Nine
740,The first name,The seventh description,One
741,The first name,The first description,Five
742,The first name,The eighth description,Ten
743,The first name,The third description,Nine
744,The first name,The ninth description,Two
745,The first name,The sixth description,One
746,The first name,The third description,Five
747,The first name,The ninth description,Five
748,The third name,The ninth description,One
749,The first name,The eighth description,Five
750,The third name,The fifth description,Three
751,The first name,The first description,Eight
752,The first name,The first description,One
753,The first name,The sixth description,Ten
754,The second name,The fifth description,Six
755,The second name,The eighth description,Ten
756,The first name,The sixth description,Three
757,The second name,The fifth description,Four
758,The third name,The first description,Four
759,The first name,The third description,Seven
760,The first name,The third description,Two
761,The first name,The first description,Five
762,The first name,The first description,Five
763,The second name,The sixth description,One
764,The third name,The first description,Seven
765,The first name,The second description,Two
766,The first name,The tenth description,Six
767,The second name,The third description,Two
768,The first name,The fourth description,Three
769,The third name,The ninth description,Seven
770,The third name,The seventh description,Four
771,The first name,The tenth description,Seven
772,The first name,The tenth description,Seven
773,The first name,The fourth description,Four
774,The first name,The seventh description,Five
775,The first name,The ninth description,Six
776,The third name,The first description,Two
777,The third name,The second description,One
778,The second name,The first description,Seven
779,The first name,The seventh description,One
780,The second name,The tenth description,Seven
781,The second name,The first description,Three
782,The first name,The first description,Nine
783,The third name,The first description,Four
784,The second name,The ninth description,One
785,The first name,The tenth description,Nine
786,The first name,The fourth description,One
787,The second name,The seventh description,Ten
788,The second name,The sixth description,Six
789,The first name,The second description,Seven
790,The second name,The seventh description,Five
791,The first name,The fourth description,One
792,The second name,The sixth description,Seven
793,The first name,The sixth description,Six
794,The first name,The seventh description,Eight
795,The third name,The fourth description,Ten
796,The third name,The second description,Seven
797,The second name,The fifth description,Ten
798,The third name,The tenth description,Six
799,The second name,The seventh description,Nine
800,The first name,The first description,Two
801,The third name,The eighth description,Seven
802,The third name,The ninth description,Ten
803,The third name,The first description,One
804,The first name,The fifth description,Three
805,The third name,The seventh description,Five
806,The third name,The seventh description,Four
807,The second name,The eighth description,Seven
808,The third name,The fifth description,Seven
809,The first name,The first description,Four
810,The first name,The fourth description,Nine
811,The second name,The first description,Two
812,The second name,The seventh description,Five
813,The third name,The second description,One
814,The second name,The fifth description,Eight
815,The third name,The fourth description,Eight
816,The second name,The ninth description,Six
817,The second name,The sixth description,Seven
818,The second name,The fourth description,Nine
819,The second name,The ninth description,Two
820,The second name,The tenth description,One
821,The third name,The fifth description,Six
822,The second name,The eighth description,Ten
823,The second name,The seventh description,Five
824,The third name,The fifth description,Seven
825,The third name,The seventh description,Seven
826,The second name,The fifth description,Eight
827,The third name,The sixth description,Two
828,The third name,The eighth description,Eight
829,The second name,The ninth description,Two
830,The third name,The first description,Five
831,The second name,The third description,Nine
832,The third name,The fifth description,Two
833,The third name,The eighth description,Nine
834,The third name,The seventh description,Six
835,The first name,The sixth description,Seven
836,The first name,The ninth description,Nine
837,The second name,The ninth description,Five
838,The first name,The seventh description,Six
839,The first name,The eighth description,Two
840,The first name,The sixth description,One
841,The second name,The second description,Seven
842,The third name,The sixth description,Nine
843,The second name,The sixth description,Five
844,The second name,The fourth description,Two
845,The third name,The fourth description,Nine
846,The second name,The fourth description,Three
847,The first name,The sixth description,One
848,The third name,The fourth description,Five
849,The third name,The fourth description,Six
850,The first name,The fourth description,Ten
851,The third name,The sixth description,Six
852,The first name,The tenth description,Eight
853,The first name,The second description,Two
854,The third name,The fourth description,Three
855,The third name,The ninth description,Ten
856,The second name,The fourth description,Two
857,The first name,The first description,Seven
858,The third name,The first description,Seven
859,The third name,The fourth description,Four
860,The second name,The first description,Nine
861,The third name,The ninth description,Ten
862,The first name,The eighth description,Seven
863,The third name,The fourth description,Three
864,The second name,The fifth description,Five
865,The first name,The first description,Six
866,The first name,The fourth description,Nine
867,The first name,The tenth description,One
868,The second name,The tenth description,One
869,The third name,The sixth description,Seven
870,The second name,The tenth description,Nine
871,The second name,The eighth description,Six
872,The second name,The first description,Ten
873,The first name,The second description,Ten
874,The third name,The fifth description,Eight
875,The third name,The ninth description,Eight
876,The first name,The ninth description,Two
877,The second name,The tenth description,Six
878,The first name,The ninth description,Six
879,The third name,The ninth description,Six
880,The first name,The first description,Eight
881,The third name,The sixth description,Five
882,The third name,The fourth description,Nine
883,The second name,The fifth description,Ten
884,The first name,The eighth description,Seven
885,The first name,The sixth description,Nine
886,The second name,The tenth description,Nine
887,The third name,The third description,Six
888,The third name,The third description,Eight
889,The first name,The tenth description,Five
890,The second name,The fifth description,Four
891,The second name,The first description,Three
892,The first name,The fourth description,Seven
893,The third name,The fifth description,Eight
894,The third name,The eighth description,Nine
895,The second name,The sixth description,One
896,The first name,The tenth description,Four
897,The second name,The ninth description,Six
898,The third name,The seventh description,Two
899,The third name,The ninth description,Three
900,The first name,The seventh description,One
901,The third name,The sixth description,Five
902,The third name,The eighth description,Seven
903,The first name,The third description,Nine
904,The second name,The eighth description,Nine
905,The first name,The fifth description,Three
906,The first name,The third description,Six
907,The second name,The seventh description,Nine
908,The second name,The seventh description,Nine
909,The second name,The fifth description,Ten
910,The third name,The third description,Eight
911,The first name,The tenth description,Seven
912,The third name,The eighth description,Five
913,The third name,The fourth description,Seven
914,The second name,The tenth description,Nine
915,The first name,The third description,Eight
916,The second name,The fourth description,Seven
917,The first name,The second description,Seven
918,The first name,The fifth description,One
919,The second name,The fourth description,Ten
920,The first name,The fourth description,Three
921,The first name,The eighth description,Nine
922,The third name,The eighth description,Seven
923,The first name,The eighth description,Eight
924,The first name,The fifth description,One
925,The first name,The fourth description,Ten
926,The third name,The fifth description,Seven
927,The second name,The first description,Two
928,The first name,The sixth description,Two
929,The third name,The second description,Four
930,The third name,The eighth description,Two
931,The first name,The eighth description,Eight
932,The third name,The fifth description,Three
933,The second name,The seventh description,Six
934,The second name,The ninth description,Eight
935,The third name,The fourth description,Six
936,The first name,The second description,Seven
937,The first name,The sixth description,Seven
938,The first name,The tenth description,Eight
939,The third name,The sixth description,Five
940,The second name,The sixth description,Four
941,The second name,The seventh description,Ten
942,The third name,The fourth description,Ten
943,The third name,The tenth description,Seven
944,The second name,The tenth description,Seven
945,The third name,The ninth description,Six
946,The third name,The first description,Four
947,The first name,The second description,One
948,The second name,The ninth description,Seven
949,The first name,The fifth description,Five
950,The third name,The fifth description,Eight
951,The first name,The tenth description,One
952,The second name,The seventh description,Seven
953,The third name,The fourth description,Two
954,The first name,The sixth description,One
955,The second name,The fourth description,Ten
956,The first name,The second description,Ten
957,The third name,The first description,One
958,The second name,The fourth description,Nine
959,The third name,The fourth description,Five
960,The first name,The eighth description,Seven
961,The second name,The fourth description,Ten
962,The first name,The fourth description,Seven
963,The first name,The third description,Four
964,The third name,The first description,Three
965,The third name,The ninth description,Eight
966,The third name,The third description,Nine
967,The second name,The eighth description,Seven
968,The second name,The fifth description,Nine
969,The first name,The first description,Eight
970,The third name,The fourth description,Three
971,The third name,The sixth description,One
972,The second name,The tenth description,Two
973,The third name,The ninth description,Nine
974,The third name,The ninth description,Two
975,The third name,The ninth description,Five
976,The first name,The fifth description,Five
977,The second name,The fifth description,Two
978,The second name,The seventh description,Two
979,The third name,The seventh description,Five
980,The third name,The ninth description,Nine
981,The first name,The sixth description,Five
982,The third name,The tenth description,Two
983,The second name,The second description,Eight
984,The second name,The fifth description,Nine
985,The third name,The third description,Five
986,The first name,The seventh description,Nine
987,The first name,The fourth description,Two
988,The second name,The fourth description,Nine
989,The first name,The eighth description,Five
990,The third name,The tenth description,Four
991,The first name,The second description,Two
992,The first name,The sixth description,Nine
993,The third name,The sixth description,Nine
994,The third name,The seventh description,Seven
995,The second name,The sixth description,Five
996,The first name,The seventh description,Six
997,The first name,The first description,One
998,The second name,The third description,Four
999,The first name,The second description,Nine
1000,The second name,The ninth description,Eight
